symbol,name,status,observed_daily_rows,calendar_start,calendar_end,successful_model_horizon_tests,processing_seconds,message
aave,Aave,PROCESSED,53,2026-02-04,2026-04-17,0,1.1530716000124812,
ada,Cardano,PROCESSED,113,2026-01-26,2026-05-20,12,7.16822840005625,
aster,Aster,PROCESSED,83,2026-02-08,2026-05-20,6,3.588976399973035,
avax,Avalanche,PROCESSED,113,2026-01-26,2026-05-20,12,6.260212900000624,
bch,Bitcoin Cash,PROCESSED,113,2026-01-26,2026-05-20,12,6.236747399903834,
bgb,Bitget Token,PROCESSED,25,2026-01-31,2026-02-28,0,0.4121443999465555,
bnb,BNB,PROCESSED,151,2026-01-26,2026-06-28,12,7.2906635999679565,
bsc-usd,Binance Bridged USDT (BNB Smart Chain),PROCESSED,10,2026-01-26,2026-02-04,0,0.11567089997697622,
btc,Bitcoin,PROCESSED,151,2026-01-26,2026-06-28,12,7.21983860002365,
buidl,BlackRock USD Institutional Digital Liquidity Fund,PROCESSED,104,2026-02-04,2026-05-20,12,5.920930900028907,
cbbtc,Coinbase Wrapped BTC,PROCESSED,10,2026-01-26,2026-02-04,0,0.10646470007486641,
cc,Canton,PROCESSED,113,2026-01-26,2026-05-20,12,6.11108169995714,
cro,Cronos,PROCESSED,113,2026-01-26,2026-05-20,12,5.234482300002128,
dai,Dai,PROCESSED,113,2026-01-26,2026-05-20,12,5.401076199952513,
doge,Dogecoin,PROCESSED,132,2026-01-26,2026-06-14,12,5.993821699987166,
dot,Polkadot,PROCESSED,113,2026-01-26,2026-05-20,12,6.170932099921629,
eth,Ethereum,PROCESSED,151,2026-01-26,2026-06-28,12,6.437353200046346,
figr_heloc,Figure Heloc,PROCESSED,151,2026-01-26,2026-06-28,12,6.245703699998558,
hbar,Hedera,PROCESSED,113,2026-01-26,2026-05-20,12,5.865671800100245,
htx,HTX DAO,BLOCKED_NO_POSITIVE_PRICE,0,,,0,0.0,No positive source price; forecast intentionally unavailable.
hype,Hyperliquid,PROCESSED,138,2026-01-26,2026-06-28,12,6.315536400070414,
icp,Internet Computer,PROCESSED,6,2026-05-08,2026-05-13,0,0.11704799998551607,
leo,LEO Token,PROCESSED,113,2026-01-26,2026-05-20,12,6.249846299993806,
link,Chainlink,PROCESSED,113,2026-01-26,2026-05-20,12,5.934733400004916,
ltc,Litecoin,PROCESSED,113,2026-01-26,2026-05-20,12,6.130845000036061,
m,MemeCore,PROCESSED,112,2026-01-26,2026-05-20,12,5.996702899923548,
mnt,Mantle,PROCESSED,113,2026-01-26,2026-05-20,12,6.092821100028232,
near,NEAR Protocol,PROCESSED,66,2026-02-25,2026-05-20,3,0.6424123999895528,
okb,OKB,PROCESSED,102,2026-02-04,2026-05-19,12,5.90034079994075,
ondo,Ondo,PROCESSED,13,2026-05-08,2026-05-20,0,0.13723550003487617,
paxg,PAX Gold,PROCESSED,104,2026-02-04,2026-05-20,12,5.899920199997723,
pepe,Pepe,BLOCKED_NO_POSITIVE_PRICE,0,,,0,0.0,No positive source price; forecast intentionally unavailable.
pi,Pi Network,PROCESSED,87,2026-02-14,2026-05-16,9,4.328308700001799,
pyusd,PayPal USD,PROCESSED,113,2026-01-26,2026-05-20,12,5.811549999983981,
rain,Rain,PROCESSED,113,2026-01-26,2026-05-20,12,5.707547900034115,
rave,RaveDAO,PROCESSED,6,2026-04-13,2026-04-18,0,0.11932639998849481,
rlusd,Ripple USD,PROCESSED,10,2026-02-05,2026-02-27,0,0.4386923999991268,
shib,Shiba Inu,BLOCKED_NO_POSITIVE_PRICE,0,,,0,0.0,No positive source price; forecast intentionally unavailable.
siren,Siren,PROCESSED,4,2026-03-22,2026-03-25,0,0.10274430003482848,
sky,Sky,PROCESSED,81,2026-02-08,2026-05-11,5,1.807767799939029,
sol,Solana,PROCESSED,151,2026-01-26,2026-06-28,12,6.223044899990782,
steth,Lido Staked Ether,PROCESSED,10,2026-01-26,2026-02-04,0,0.12057010002899915,
sui,Sui,PROCESSED,113,2026-01-26,2026-05-20,12,6.085456099943258,
susde,Ethena Staked USDe,PROCESSED,10,2026-01-26,2026-02-04,0,0.11089279991574585,
susds,sUSDS,PROCESSED,11,2026-01-26,2026-02-05,0,0.1100132999708876,
tao,Bittensor,PROCESSED,102,2026-02-04,2026-05-20,12,5.7986614999827,
ton,Toncoin,PROCESSED,113,2026-01-26,2026-05-20,12,6.105511600035243,
trx,TRON,PROCESSED,151,2026-01-26,2026-06-28,12,5.767330600065179,
uni,Uniswap,PROCESSED,113,2026-01-26,2026-05-20,12,6.143108500051312,
usd1,USD1,PROCESSED,113,2026-01-26,2026-05-20,12,5.680311200092547,
usdc,USDC,PROCESSED,151,2026-01-26,2026-06-28,12,5.570654300041497,
usde,Ethena USDe,PROCESSED,113,2026-01-26,2026-05-20,12,5.397614300018176,
usdf,Falcon USD,PROCESSED,101,2026-02-04,2026-05-20,12,5.220418300013989,
usdg,Global Dollar,PROCESSED,103,2026-02-05,2026-05-20,12,7.946325300028548,
usds,USDS,PROCESSED,113,2026-01-26,2026-05-20,12,5.490717500098981,
usdt,Tether,PROCESSED,151,2026-01-26,2026-06-28,12,5.674585299915634,
usdt0,USDT0,PROCESSED,10,2026-01-26,2026-02-04,0,0.10639580001588911,
usdy,Ondo US Dollar Yield,PROCESSED,9,2026-05-12,2026-05-20,0,0.14170839998405427,
usyc,Circle USYC,PROCESSED,103,2026-02-04,2026-05-20,12,5.22959899995476,
wbeth,Wrapped Beacon ETH,PROCESSED,10,2026-01-26,2026-02-04,0,0.12399019999429584,
wbt,WhiteBIT Coin,PROCESSED,113,2026-01-26,2026-05-20,12,6.109650600003079,
wbtc,Wrapped Bitcoin,PROCESSED,10,2026-01-26,2026-02-04,0,0.10252509999554604,
weeth,Wrapped eETH,PROCESSED,10,2026-01-26,2026-02-04,0,0.11286160000599921,
weth,WETH,PROCESSED,10,2026-01-26,2026-02-04,0,0.10576009994838387,
wlfi,World Liberty Financial,PROCESSED,113,2026-01-26,2026-05-20,12,5.446582900010981,
wsteth,Wrapped stETH,PROCESSED,10,2026-01-26,2026-02-04,0,0.10957369999960065,
xaut,Tether Gold,PROCESSED,113,2026-01-26,2026-05-20,12,6.062801699968986,
xlm,Stellar,PROCESSED,113,2026-01-26,2026-05-20,12,6.132907300023362,
xmr,Monero,PROCESSED,113,2026-01-26,2026-05-20,12,5.99908169999253,
xrp,XRP,PROCESSED,151,2026-01-26,2026-06-28,12,6.458033000002615,
zec,Zcash,PROCESSED,113,2026-01-26,2026-05-20,12,5.904940300039016,
